{"products":[{"id":"0.011411786657850476","qty":10}],"totalPrice":10002.400000000001}